query	E_value	log.e.val	id	gene_id
bft	2.8	-0.447158031342219	42.2	658659.HMPREF0983_04039
bft	2.8e-210	209.552841968658	100	MH0068_GL0035032
bft	2.8e-209	208.552841968658	93.3	MH0301_GL0083198
bft	0.033	1.48148606012211	41.9	MH0373_GL0198191
bft	1.2e-56	55.9208187539524	100	NLM003_GL0004168
bft	3.9	-0.591064607026499	43.6	SZEY-20A_GL0038388
bft	3.9	-0.591064607026499	46.4	T2D-45A_GL0144485
